{
  "lgb_auc": 0.982189011848931,
  "xgb_auc": 0.9826669905755816,
  "ensemble_auc": 0.9829818696557583,
  "best_f1_threshold": 0.8199999999999996,
  "n_features": 187,
  "n_train": 96091,
  "n_test": 64062,
  "mule_rate": 0.027921449459366643
}